ply_no,start,end,length_m,no_of_ply,item_number,item_description,packing_list
93,28.4,48.5,20.1,Before-DW,,,LM65.4 2P - REINFORCEMENT PACKING LIST - DW BEFORE
94,45,65.433,20.433,Before-DW,,,LM65.4 2P - REINFORCEMENT PACKING LIST - DW BEFORE
7841,30.8,42.6,11.8,Before-DW,100007,UNIAXIAL 661 80CM(1),LM65.4 2P - REINFORCEMENT PACKING LIST - DW BEFORE
7840,36.6,40.4,3.8,Before-DW,,,LM65.4 2P - REINFORCEMENT PACKING LIST - DW BEFORE
7842,36.8,40.2,3.4,Before-DW,,,LM65.4 2P - REINFORCEMENT PACKING LIST - DW BEFORE
7844,52.1,53.2,1.1,Before-DW,,,LM65.4 2P - REINFORCEMENT PACKING LIST - DW BEFORE
88,48.3,65.433,17.133,Before-DW,092507,TRIAXIAL 440 (±45°/0°) 30CM(2),LM65.4 2P - REINFORCEMENT PACKING LIST - DW BEFORE
98,4.3,17.8,13.5,Before-DW,,,LM65.4 2P - REINFORCEMENT PACKING LIST - DW BEFORE
99,4.7,17.5,12.8,Before-DW,,,LM65.4 2P - REINFORCEMENT PACKING LIST - DW BEFORE
100,5.1,17.2,12.1,Before-DW,,,LM65.4 2P - REINFORCEMENT PACKING LIST - DW BEFORE
101,5.5,16.8,11.3,Before-DW,,,LM65.4 2P - REINFORCEMENT PACKING LIST - DW BEFORE
123,47.4,65.433,18.033,Before-DW,,,LM65.4 2P - REINFORCEMENT PACKING LIST - DW BEFORE
5479,38.5,62.9,24.4,Before-DW,98207,UNIAXIAL 1322 40CM (3),LM65.4 2P - REINFORCEMENT PACKING LIST - DW BEFORE
5480,38.9,60.7,21.8,Before-DW,,,LM65.4 2P - REINFORCEMENT PACKING LIST - DW BEFORE
5481,38.3,60.1,21.8,Before-DW,,,LM65.4 2P - REINFORCEMENT PACKING LIST - DW BEFORE
5482,38.1,58.7,20.6,Before-DW,,,LM65.4 2P - REINFORCEMENT PACKING LIST - DW BEFORE
5483,37.7,59.1,21.4,Before-DW,,,LM65.4 2P - REINFORCEMENT PACKING LIST - DW BEFORE
5484,37.3,57.9,20.6,Before-DW,,,LM65.4 2P - REINFORCEMENT PACKING LIST - DW BEFORE
5485,36.9,57.5,20.6,Before-DW,,,LM65.4 2P - REINFORCEMENT PACKING LIST - DW BEFORE
5486,36.5,56.3,19.8,Before-DW,,,LM65.4 2P - REINFORCEMENT PACKING LIST - DW BEFORE
96,3.3,11.5,8.2,Before-DW,,,LM65.4 2P - REINFORCEMENT PACKING LIST - DW BEFORE
1096,11.4,19.4,8,Before-DW,,,LM65.4 2P - REINFORCEMENT PACKING LIST - DW BEFORE
97,3.9,18.4,14.5,Before-DW,,,LM65.4 2P - REINFORCEMENT PACKING LIST - DW BEFORE
102,5.9,16,10.1,Before-DW,,,LM65.4 2P - REINFORCEMENT PACKING LIST - DW BEFORE
103,6.5,15.4,8.9,Before-DW,,,LM65.4 2P - REINFORCEMENT PACKING LIST - DW BEFORE
104,6.9,14.8,7.9,Before-DW,,,LM65.4 2P - REINFORCEMENT PACKING LIST - DW BEFORE
105,7.5,14.4,6.9,Before-DW,,,LM65.4 2P - REINFORCEMENT PACKING LIST - DW BEFORE
106,7.7,13.8,6.1,Before-DW,,,LM65.4 2P - REINFORCEMENT PACKING LIST - DW BEFORE
107,8.1,13.2,5.1,Before-DW,,,LM65.4 2P - REINFORCEMENT PACKING LIST - DW BEFORE
108,19.3,34.5,15.2,Before-DW,,,LM65.4 2P - REINFORCEMENT PACKING LIST - DW BEFORE
1108,34.4,47.7,13.3,Before-DW,,,LM65.4 2P - REINFORCEMENT PACKING LIST - DW BEFORE
109,18.3,32.6,14.3,Before-DW,,,LM65.4 2P - REINFORCEMENT PACKING LIST - DW BEFORE
1109,32.5,41.1,8.6,Before-DW,,,LM65.4 2P - REINFORCEMENT PACKING LIST - DW BEFORE
110,17.7,32.3,14.6,Before-DW,,,LM65.4 2P - REINFORCEMENT PACKING LIST - DW BEFORE
1110,32.2,38.9,6.7,Before-DW,100307,UNIAXIAL 1322 60CM(4),LM65.4 2P - REINFORCEMENT PACKING LIST - DW BEFORE
111,17.1,31.3,14.2,Before-DW,,,LM65.4 2P - REINFORCEMENT PACKING LIST - DW BEFORE
1111,31.2,38.4,7.2,Before-DW,,,LM65.4 2P - REINFORCEMENT PACKING LIST - DW BEFORE
112,16.7,29.8,13.1,Before-DW,,,LM65.4 2P - REINFORCEMENT PACKING LIST - DW BEFORE
1112,29.7,38.2,8.5,Before-DW,,,LM65.4 2P - REINFORCEMENT PACKING LIST - DW BEFORE
113,15.9,29.4,13.5,Before-DW,,,LM65.4 2P - REINFORCEMENT PACKING LIST - DW BEFORE
1113,29.3,36.9,7.6,Before-DW,,,LM65.4 2P - REINFORCEMENT PACKING LIST - DW BEFORE
114,15.3,27.5,12.2,Before-DW,,,LM65.4 2P - REINFORCEMENT PACKING LIST - DW BEFORE
1114,27.4,36.3,8.9,Before-DW,,,LM65.4 2P - REINFORCEMENT PACKING LIST - DW BEFORE
115,14.7,25.3,10.6,Before-DW,,,LM65.4 2P - REINFORCEMENT PACKING LIST - DW BEFORE
1115,25.2,34.1,8.9,Before-DW,,,LM65.4 2P - REINFORCEMENT PACKING LIST - DW BEFORE
116,14.3,24.4,10.1,Before-DW,,,LM65.4 2P - REINFORCEMENT PACKING LIST - DW BEFORE
1116,24.3,32.8,8.5,Before-DW,,,LM65.4 2P - REINFORCEMENT PACKING LIST - DW BEFORE
117,13.7,22.7,9,Before-DW,,,LM65.4 2P - REINFORCEMENT PACKING LIST - DW BEFORE
1117,22.6,31.5,8.9,Before-DW,,,LM65.4 2P - REINFORCEMENT PACKING LIST - DW BEFORE
1118,13.1,29.3,16.2,Before-DW,,,LM65.4 2P - REINFORCEMENT PACKING LIST - DW BEFORE
119,9.5,24.9,15.4,Before-DW,,,LM65.4 2P - REINFORCEMENT PACKING LIST - DW BEFORE
120,9.9,22.1,12.2,Before-DW,100407,UNIAXIAL 1322 80CM(5),LM65.4 2P - REINFORCEMENT PACKING LIST - DW BEFORE
121,10.2,16.2,6,Before-DW,,,LM65.4 2P - REINFORCEMENT PACKING LIST - DW BEFORE
122,10.4,14.1,3.7,Before-DW,,,LM65.4 2P - REINFORCEMENT PACKING LIST - DW BEFORE
81,3.8,23.8,20,Before-DW,101607,UNIAXIAL 661 40CM,LM78.3P - REINFORCEMENT CUTTING LIST - BEFORE
81,3.8,23.8,20,Before-UW,101607,UNIAXIAL 661 40CM,LM78.3P - REINFORCEMENT CUTTING LIST - BEFORE
82,4.2,23.2,19,Before-DW,101607,UNIAXIAL 661 40CM,LM78.3P - REINFORCEMENT CUTTING LIST - BEFORE
82,4.2,23.2,19,Before-UW,101607,UNIAXIAL 661 40CM,LM78.3P - REINFORCEMENT CUTTING LIST - BEFORE
83,4.6,20.2,15.6,Before-DW,101607,UNIAXIAL 661 40CM,LM78.3P - REINFORCEMENT CUTTING LIST - BEFORE
83,4.6,20.2,15.6,Before-UW,101607,UNIAXIAL 661 40CM,LM78.3P - REINFORCEMENT CUTTING LIST - BEFORE
84,5,16.2,11.2,Before-DW,101607,UNIAXIAL 661 40CM,LM78.3P - REINFORCEMENT CUTTING LIST - BEFORE
84,5,16.2,11.2,Before-UW,101607,UNIAXIAL 661 40CM,LM78.3P - REINFORCEMENT CUTTING LIST - BEFORE
85,5.4,13,7.6,Before-DW,101607,UNIAXIAL 661 40CM,LM78.3P - REINFORCEMENT CUTTING LIST - BEFORE
85,5.4,13,7.6,Before-UW,101607,UNIAXIAL 661 40CM,LM78.3P - REINFORCEMENT CUTTING LIST - BEFORE
86,6,12.6,6.6,Before-DW,101607,UNIAXIAL 661 40CM,LM78.3P - REINFORCEMENT CUTTING LIST - BEFORE
86,6,12.6,6.6,Before-UW,101607,UNIAXIAL 661 40CM,LM78.3P - REINFORCEMENT CUTTING LIST - BEFORE
87,6.4,11.2,4.8,Before-DW,101607,UNIAXIAL 661 40CM,LM78.3P - REINFORCEMENT CUTTING LIST - BEFORE
87,6.4,11.2,4.8,Before-UW,101607,UNIAXIAL 661 40CM,LM78.3P - REINFORCEMENT CUTTING LIST - BEFORE
88,6.8,10.2,3.4,Before-DW,101607,UNIAXIAL 661 40CM,LM78.3P - REINFORCEMENT CUTTING LIST - BEFORE
88,6.8,10.2,3.4,Before-UW,101607,UNIAXIAL 661 40CM,LM78.3P - REINFORCEMENT CUTTING LIST - BEFORE
89,7.2,9,1.8,Before-DW,101607,UNIAXIAL 661 40CM,LM78.3P - REINFORCEMENT CUTTING LIST - BEFORE
89,7.2,9,1.8,Before-UW,101607,UNIAXIAL 661 40CM,LM78.3P - REINFORCEMENT CUTTING LIST - BEFORE
94,2.2,25,22.8,Before-DW,101607,UNIAXIAL 661 40CM,LM78.3P - REINFORCEMENT CUTTING LIST - BEFORE
94,2.2,25,22.8,Before-UW,101607,UNIAXIAL 661 40CM,LM78.3P - REINFORCEMENT CUTTING LIST - BEFORE
95,19.9,45.8,25.9,Before-DW,101607,UNIAXIAL 661 40CM,LM78.3P - REINFORCEMENT CUTTING LIST - BEFORE
95,19.9,45.8,25.9,Before-UW,101607,UNIAXIAL 661 40CM,LM78.3P - REINFORCEMENT CUTTING LIST - BEFORE
97,2.6,19.4,16.8,Before-DW,100307,UNIAXIAL 1322 60CM,LM78.3P - REINFORCEMENT CUTTING LIST - BEFORE
97,2.6,19.4,16.8,Before-UW,100307,UNIAXIAL 1322 60CM,LM78.3P - REINFORCEMENT CUTTING LIST - BEFORE
98,19.3,44.7,25.4,Before-DW,100307,UNIAXIAL 1322 60CM,LM78.3P - REINFORCEMENT CUTTING LIST - BEFORE
98,19.3,44.7,25.4,Before-UW,100307,UNIAXIAL 1322 60CM,LM78.3P - REINFORCEMENT CUTTING LIST - BEFORE
100,3.4,19,15.6,Before-DW,100307,UNIAXIAL 1322 60CM,LM78.3P - REINFORCEMENT CUTTING LIST - BEFORE
100,3.4,19,15.6,Before-UW,100307,UNIAXIAL 1322 60CM,LM78.3P - REINFORCEMENT CUTTING LIST - BEFORE
101,18.9,42.2,23.3,Before-DW,100307,UNIAXIAL 1322 60CM,LM78.3P - REINFORCEMENT CUTTING LIST - BEFORE
101,18.9,42.2,23.3,Before-UW,100307,UNIAXIAL 1322 60CM,LM78.3P - REINFORCEMENT CUTTING LIST - BEFORE
103,3.8,18.6,14.8,Before-DW,100307,UNIAXIAL 1322 60CM,LM78.3P - REINFORCEMENT CUTTING LIST - BEFORE
103,3.8,18.6,14.8,Before-UW,100307,UNIAXIAL 1322 60CM,LM78.3P - REINFORCEMENT CUTTING LIST - BEFORE
104,18.5,39.7,21.2,Before-DW,100307,UNIAXIAL 1322 60CM,LM78.3P - REINFORCEMENT CUTTING LIST - BEFORE
104,18.5,39.7,21.2,Before-UW,100307,UNIAXIAL 1322 60CM,LM78.3P - REINFORCEMENT CUTTING LIST - BEFORE
106,4.6,18,13.4,Before-DW,100307,UNIAXIAL 1322 60CM,LM78.3P - REINFORCEMENT CUTTING LIST - BEFORE
106,4.6,18,13.4,Before-UW,100307,UNIAXIAL 1322 60CM,LM78.3P - REINFORCEMENT CUTTING LIST - BEFORE
107,17.9,37.2,19.3,Before-DW,100307,UNIAXIAL 1322 60CM,LM78.3P - REINFORCEMENT CUTTING LIST - BEFORE
107,17.9,37.2,19.3,Before-UW,100307,UNIAXIAL 1322 60CM,LM78.3P - REINFORCEMENT CUTTING LIST - BEFORE
109,5.2,17.2,12,Before-DW,100307,UNIAXIAL 1322 60CM,LM78.3P - REINFORCEMENT CUTTING LIST - BEFORE
109,5.2,17.2,12,Before-UW,100307,UNIAXIAL 1322 60CM,LM78.3P - REINFORCEMENT CUTTING LIST - BEFORE
110,17.1,31.2,14.1,Before-DW,100307,UNIAXIAL 1322 60CM,LM78.3P - REINFORCEMENT CUTTING LIST - BEFORE
110,17.1,31.2,14.1,Before-UW,100307,UNIAXIAL 1322 60CM,LM78.3P - REINFORCEMENT CUTTING LIST - BEFORE
112,5.8,16.6,10.8,Before-DW,100307,UNIAXIAL 1322 60CM,LM78.3P - REINFORCEMENT CUTTING LIST - BEFORE
112,5.8,16.6,10.8,Before-UW,100307,UNIAXIAL 1322 60CM,LM78.3P - REINFORCEMENT CUTTING LIST - BEFORE
113,16.5,43.2,26.7,Before-DW,100307,UNIAXIAL 1322 60CM,LM78.3P - REINFORCEMENT CUTTING LIST - BEFORE
113,16.5,43.2,26.7,Before-UW,100307,UNIAXIAL 1322 60CM,LM78.3P - REINFORCEMENT CUTTING LIST - BEFORE
115,6.2,16.2,10,Before-DW,100307,UNIAXIAL 1322 60CM,LM78.3P - REINFORCEMENT CUTTING LIST - BEFORE
115,6.2,16.2,10,Before-UW,100307,UNIAXIAL 1322 60CM,LM78.3P - REINFORCEMENT CUTTING LIST - BEFORE
116,16.1,48.4,32.3,Before-DW,100307,UNIAXIAL 1322 60CM,LM78.3P - REINFORCEMENT CUTTING LIST - BEFORE
116,16.1,48.4,32.3,Before-UW,100307,UNIAXIAL 1322 60CM,LM78.3P - REINFORCEMENT CUTTING LIST - BEFORE
117,6.8,15.6,8.8,Before-DW,100307,UNIAXIAL 1322 60CM,LM78.3P - REINFORCEMENT CUTTING LIST - BEFORE
117,6.8,15.6,8.8,Before-UW,100307,UNIAXIAL 1322 60CM,LM78.3P - REINFORCEMENT CUTTING LIST - BEFORE
118,15.5,33.6,18.1,Before-DW,100307,UNIAXIAL 1322 60CM,LM78.3P - REINFORCEMENT CUTTING LIST - BEFORE
118,15.5,33.6,18.1,Before-UW,100307,UNIAXIAL 1322 60CM,LM78.3P - REINFORCEMENT CUTTING LIST - BEFORE
119,7.2,15,7.8,Before-DW,100307,UNIAXIAL 1322 60CM,LM78.3P - REINFORCEMENT CUTTING LIST - BEFORE
119,7.2,15,7.8,Before-UW,100307,UNIAXIAL 1322 60CM,LM78.3P - REINFORCEMENT CUTTING LIST - BEFORE
120,14.9,29.2,14.3,Before-DW,100307,UNIAXIAL 1322 60CM,LM78.3P - REINFORCEMENT CUTTING LIST - BEFORE
120,14.9,29.2,14.3,Before-UW,100307,UNIAXIAL 1322 60CM,LM78.3P - REINFORCEMENT CUTTING LIST - BEFORE
121,7.8,27.2,19.4,Before-DW,100307,UNIAXIAL 1322 60CM,LM78.3P - REINFORCEMENT CUTTING LIST - BEFORE
121,7.8,27.2,19.4,Before-UW,100307,UNIAXIAL 1322 60CM,LM78.3P - REINFORCEMENT CUTTING LIST - BEFORE
122,8.6,25.8,17.2,Before-DW,100307,UNIAXIAL 1322 60CM,LM78.3P - REINFORCEMENT CUTTING LIST - BEFORE
122,8.6,25.8,17.2,Before-UW,100307,UNIAXIAL 1322 60CM,LM78.3P - REINFORCEMENT CUTTING LIST - BEFORE
123,9.8,25.1,15.3,Before-DW,100307,UNIAXIAL 1322 60CM,LM78.3P - REINFORCEMENT CUTTING LIST - BEFORE
123,9.8,25.1,15.3,Before-UW,100307,UNIAXIAL 1322 60CM,LM78.3P - REINFORCEMENT CUTTING LIST - BEFORE
124,11.8,24.2,12.4,Before-DW,100307,UNIAXIAL 1322 60CM,LM78.3P - REINFORCEMENT CUTTING LIST - BEFORE
124,11.8,24.2,12.4,Before-UW,100307,UNIAXIAL 1322 60CM,LM78.3P - REINFORCEMENT CUTTING LIST - BEFORE
125,13.6,22.8,9.2,Before-DW,100307,UNIAXIAL 1322 60CM,LM78.3P - REINFORCEMENT CUTTING LIST - BEFORE
125,13.6,22.8,9.2,Before-UW,100307,UNIAXIAL 1322 60CM,LM78.3P - REINFORCEMENT CUTTING LIST - BEFORE
96,45.7,65.6,19.9,Before-DW,98207,UNIAXIAL 1322 40CM,LM78.3P - REINFORCEMENT CUTTING LIST - BEFORE
96,45.7,65.6,19.9,Before-UW,98207,UNIAXIAL 1322 40CM,LM78.3P - REINFORCEMENT CUTTING LIST - BEFORE
99,44.6,61.1,16.5,Before-DW,98207,UNIAXIAL 1322 40CM,LM78.3P - REINFORCEMENT CUTTING LIST - BEFORE
99,44.6,61.1,16.5,Before-UW,98207,UNIAXIAL 1322 40CM,LM78.3P - REINFORCEMENT CUTTING LIST - BEFORE
102,42.1,57.8,15.7,Before-DW,98207,UNIAXIAL 1322 40CM,LM78.3P - REINFORCEMENT CUTTING LIST - BEFORE
102,42.1,57.8,15.7,Before-UW,98207,UNIAXIAL 1322 40CM,LM78.3P - REINFORCEMENT CUTTING LIST - BEFORE
105,39.6,57.2,17.6,Before-DW,98207,UNIAXIAL 1322 40CM,LM78.3P - REINFORCEMENT CUTTING LIST - BEFORE
105,39.6,57.2,17.6,Before-UW,98207,UNIAXIAL 1322 40CM,LM78.3P - REINFORCEMENT CUTTING LIST - BEFORE
108,37.1,52.2,15.1,Before-DW,98207,UNIAXIAL 1322 40CM,LM78.3P - REINFORCEMENT CUTTING LIST - BEFORE
108,37.1,52.2,15.1,Before-UW,98207,UNIAXIAL 1322 40CM,LM78.3P - REINFORCEMENT CUTTING LIST - BEFORE
111,31.1,49.8,18.7,Before-DW,98207,UNIAXIAL 1322 40CM,LM78.3P - REINFORCEMENT CUTTING LIST - BEFORE
111,31.1,49.8,18.7,Before-UW,98207,UNIAXIAL 1322 40CM,LM78.3P - REINFORCEMENT CUTTING LIST - BEFORE
114,43.1,47.2,4.1,Before-DW,98207,UNIAXIAL 1322 40CM,LM78.3P - REINFORCEMENT CUTTING LIST - BEFORE
114,43.1,47.2,4.1,Before-UW,98207,UNIAXIAL 1322 40CM,LM78.3P - REINFORCEMENT CUTTING LIST - BEFORE
92,15.7,51,35.3,Before-DW,100007,UNIAXIAL 661 80CM,LM78.3P - REINFORCEMENT CUTTING LIST - BEFORE
92,15.7,51,35.3,Before-UW,100007,UNIAXIAL 661 80CM,LM78.3P - REINFORCEMENT CUTTING LIST - BEFORE
93,50.6,70.4,19.8,Before-DW,100107,UNIAXIAL 661 60CM,LM78.3P - REINFORCEMENT CUTTING LIST - BEFORE
93,50.6,70.4,19.8,Before-UW,100107,UNIAXIAL 661 60CM,LM78.3P - REINFORCEMENT CUTTING LIST - BEFORE
90,50.8,78.3,27.5,Before-DW,092507,TRIAXIAL 440 (±45°/0°) 30CM,LM78.3P - REINFORCEMENT CUTTING LIST - BEFORE
90,50.8,78.3,27.5,Before-UW,092507,TRIAXIAL 440 (±45°/0°) 30CM,LM78.3P - REINFORCEMENT CUTTING LIST - BEFORE
91,51.2,77.9,26.7,Before-UW,092507,TRIAXIAL 440 (±45°/0°) 30CM,LM78.3P - REINFORCEMENT CUTTING LIST - BEFORE
193,4,23.4,19.4,After-DW,101607,UNIAXIAL 661 40CM,LM78.3P - REINFORCEMENT CUTTING LIST - AFTER
193,4,23.4,19.4,After-UW,101607,UNIAXIAL 661 40CM,LM78.3P - REINFORCEMENT CUTTING LIST - AFTER
194,4.4,23,18.6,After-DW,101607,UNIAXIAL 661 40CM,LM78.3P - REINFORCEMENT CUTTING LIST - AFTER
194,4.4,23,18.6,After-UW,101607,UNIAXIAL 661 40CM,LM78.3P - REINFORCEMENT CUTTING LIST - AFTER
195,4.8,19.6,14.8,After-DW,101607,UNIAXIAL 661 40CM,LM78.3P - REINFORCEMENT CUTTING LIST - AFTER
195,4.8,19.6,14.8,After-UW,101607,UNIAXIAL 661 40CM,LM78.3P - REINFORCEMENT CUTTING LIST - AFTER
196,5.2,16,10.8,After-DW,101607,UNIAXIAL 661 40CM,LM78.3P - REINFORCEMENT CUTTING LIST - AFTER
196,5.2,16,10.8,After-UW,101607,UNIAXIAL 661 40CM,LM78.3P - REINFORCEMENT CUTTING LIST - AFTER
197,5.6,12.8,7.2,After-DW,101607,UNIAXIAL 661 40CM,LM78.3P - REINFORCEMENT CUTTING LIST - AFTER
197,5.6,12.8,7.2,After-UW,101607,UNIAXIAL 661 40CM,LM78.3P - REINFORCEMENT CUTTING LIST - AFTER
198,6.2,12.2,6,After-DW,101607,UNIAXIAL 661 40CM,LM78.3P - REINFORCEMENT CUTTING LIST - AFTER
198,6.2,12.2,6,After-UW,101607,UNIAXIAL 661 40CM,LM78.3P - REINFORCEMENT CUTTING LIST - AFTER
199,6.6,10.6,4,After-DW,101607,UNIAXIAL 661 40CM,LM78.3P - REINFORCEMENT CUTTING LIST - AFTER
199,6.6,10.6,4,After-UW,101607,UNIAXIAL 661 40CM,LM78.3P - REINFORCEMENT CUTTING LIST - AFTER
200,7,10,3,After-DW,101607,UNIAXIAL 661 40CM,LM78.3P - REINFORCEMENT CUTTING LIST - AFTER
200,7,10,3,After-UW,101607,UNIAXIAL 661 40CM,LM78.3P - REINFORCEMENT CUTTING LIST - AFTER
201,7.4,8.6,1.2,After-DW,101607,UNIAXIAL 661 40CM,LM78.3P - REINFORCEMENT CUTTING LIST - AFTER
201,7.4,8.6,1.2,After-UW,101607,UNIAXIAL 661 40CM,LM78.3P - REINFORCEMENT CUTTING LIST - AFTER
202,2.4,19.6,17.2,After-DW,101607,UNIAXIAL 661 40CM,LM78.3P - REINFORCEMENT CUTTING LIST - AFTER
202,2.4,19.6,17.2,After-UW,101607,UNIAXIAL 661 40CM,LM78.3P - REINFORCEMENT CUTTING LIST - AFTER
203,19.5,45.3,25.8,After-DW,101607,UNIAXIAL 661 40CM,LM78.3P - REINFORCEMENT CUTTING LIST - AFTER
203,19.5,45.3,25.8,After-UW,101607,UNIAXIAL 661 40CM,LM78.3P - REINFORCEMENT CUTTING LIST - AFTER
205,2.75,19.2,16.45,After-DW,100307,UNIAXIAL 1322 60CM BIG ROLLS,LM78.3P - REINFORCEMENT CUTTING LIST - AFTER
205,2.8,19.2,16.4,After-UW,100307,UNIAXIAL 1322 60CM BIG ROLLS,LM78.3P - REINFORCEMENT CUTTING LIST - AFTER
206,19.1,43.7,24.6,After-DW,100307,UNIAXIAL 1322 60CM BIG ROLLS,LM78.3P - REINFORCEMENT CUTTING LIST - AFTER
206,19.1,43.7,24.6,After-UW,100307,UNIAXIAL 1322 60CM BIG ROLLS,LM78.3P - REINFORCEMENT CUTTING LIST - AFTER
208,3.6,18.8,15.2,After-DW,100307,UNIAXIAL 1322 60CM BIG ROLLS,LM78.3P - REINFORCEMENT CUTTING LIST - AFTER
208,3.6,18.8,15.2,After-UW,100307,UNIAXIAL 1322 60CM BIG ROLLS,LM78.3P - REINFORCEMENT CUTTING LIST - AFTER
209,18.7,41.2,22.5,After-DW,100307,UNIAXIAL 1322 60CM BIG ROLLS,LM78.3P - REINFORCEMENT CUTTING LIST - AFTER
209,18.7,41.2,22.5,After-UW,100307,UNIAXIAL 1322 60CM BIG ROLLS,LM78.3P - REINFORCEMENT CUTTING LIST - AFTER
211,4,18.4,14.4,After-DW,100307,UNIAXIAL 1322 60CM BIG ROLLS,LM78.3P - REINFORCEMENT CUTTING LIST - AFTER
211,4,18.4,14.4,After-UW,100307,UNIAXIAL 1322 60CM BIG ROLLS,LM78.3P - REINFORCEMENT CUTTING LIST - AFTER
212,18.3,38.7,20.4,After-DW,100307,UNIAXIAL 1322 60CM BIG ROLLS,LM78.3P - REINFORCEMENT CUTTING LIST - AFTER
212,18.3,38.7,20.4,After-UW,100307,UNIAXIAL 1322 60CM BIG ROLLS,LM78.3P - REINFORCEMENT CUTTING LIST - AFTER
214,4.8,17.6,12.8,After-DW,100307,UNIAXIAL 1322 60CM BIG ROLLS,LM78.3P - REINFORCEMENT CUTTING LIST - AFTER
214,4.8,17.6,12.8,After-UW,100307,UNIAXIAL 1322 60CM BIG ROLLS,LM78.3P - REINFORCEMENT CUTTING LIST - AFTER
215,17.5,36.2,18.7,After-DW,100307,UNIAXIAL 1322 60CM BIG ROLLS,LM78.3P - REINFORCEMENT CUTTING LIST - AFTER
215,17.5,36.2,18.7,After-UW,100307,UNIAXIAL 1322 60CM BIG ROLLS,LM78.3P - REINFORCEMENT CUTTING LIST - AFTER
217,5.4,17,11.6,After-DW,100307,UNIAXIAL 1322 60CM BIG ROLLS,LM78.3P - REINFORCEMENT CUTTING LIST - AFTER
217,5.4,17,11.6,After-UW,100307,UNIAXIAL 1322 60CM BIG ROLLS,LM78.3P - REINFORCEMENT CUTTING LIST - AFTER
218,16.9,30.2,13.3,After-DW,100307,UNIAXIAL 1322 60CM BIG ROLLS,LM78.3P - REINFORCEMENT CUTTING LIST - AFTER
218,16.9,30.2,13.3,After-UW,100307,UNIAXIAL 1322 60CM BIG ROLLS,LM78.3P - REINFORCEMENT CUTTING LIST - AFTER
220,6,16.4,10.4,After-DW,100307,UNIAXIAL 1322 60CM BIG ROLLS,LM78.3P - REINFORCEMENT CUTTING LIST - AFTER
220,6,16.4,10.4,After-UW,100307,UNIAXIAL 1322 60CM BIG ROLLS,LM78.3P - REINFORCEMENT CUTTING LIST - AFTER
221,16.3,40.8,24.5,After-DW,100307,UNIAXIAL 1322 60CM BIG ROLLS,LM78.3P - REINFORCEMENT CUTTING LIST - AFTER
221,16.3,40.8,24.5,After-UW,100307,UNIAXIAL 1322 60CM BIG ROLLS,LM78.3P - REINFORCEMENT CUTTING LIST - AFTER
222,6.4,16,9.6,After-DW,100307,UNIAXIAL 1322 60CM BIG ROLLS,LM78.3P - REINFORCEMENT CUTTING LIST - AFTER
222,6.4,16,9.6,After-UW,100307,UNIAXIAL 1322 60CM BIG ROLLS,LM78.3P - REINFORCEMENT CUTTING LIST - AFTER
223,15.9,34.2,18.3,After-DW,100307,UNIAXIAL 1322 60CM BIG ROLLS,LM78.3P - REINFORCEMENT CUTTING LIST - AFTER
223,15.9,34.2,18.3,After-UW,100307,UNIAXIAL 1322 60CM BIG ROLLS,LM78.3P - REINFORCEMENT CUTTING LIST - AFTER
224,7,15.2,8.2,After-DW,100307,UNIAXIAL 1322 60CM BIG ROLLS,LM78.3P - REINFORCEMENT CUTTING LIST - AFTER
224,7,15.2,8.2,After-UW,100307,UNIAXIAL 1322 60CM BIG ROLLS,LM78.3P - REINFORCEMENT CUTTING LIST - AFTER
225,15.1,32.2,17.1,After-DW,100307,UNIAXIAL 1322 60CM BIG ROLLS,LM78.3P - REINFORCEMENT CUTTING LIST - AFTER
225,15.1,32.2,17.1,After-UW,100307,UNIAXIAL 1322 60CM BIG ROLLS,LM78.3P - REINFORCEMENT CUTTING LIST - AFTER
226,7.4,14.6,7.2,After-DW,100307,UNIAXIAL 1322 60CM BIG ROLLS,LM78.3P - REINFORCEMENT CUTTING LIST - AFTER
226,7.4,14.6,7.2,After-UW,100307,UNIAXIAL 1322 60CM BIG ROLLS,LM78.3P - REINFORCEMENT CUTTING LIST - AFTER
227,14.5,28.2,13.7,After-DW,100307,UNIAXIAL 1322 60CM BIG ROLLS,LM78.3P - REINFORCEMENT CUTTING LIST - AFTER
227,14.5,28.2,13.7,After-UW,100307,UNIAXIAL 1322 60CM BIG ROLLS,LM78.3P - REINFORCEMENT CUTTING LIST - AFTER
228,8.2,26.2,18,After-DW,100307,UNIAXIAL 1322 60CM BIG ROLLS,LM78.3P - REINFORCEMENT CUTTING LIST - AFTER
228,8.2,26.2,18,After-UW,100307,UNIAXIAL 1322 60CM BIG ROLLS,LM78.3P - REINFORCEMENT CUTTING LIST - AFTER
229,9,25.4,16.4,After-DW,100307,UNIAXIAL 1322 60CM BIG ROLLS,LM78.3P - REINFORCEMENT CUTTING LIST - AFTER
229,9,25.4,16.4,After-UW,100307,UNIAXIAL 1322 60CM BIG ROLLS,LM78.3P - REINFORCEMENT CUTTING LIST - AFTER
230,10.4,24.6,14.2,After-DW,100307,UNIAXIAL 1322 60CM BIG ROLLS,LM78.3P - REINFORCEMENT CUTTING LIST - AFTER
230,10.4,24.6,14.2,After-UW,100307,UNIAXIAL 1322 60CM BIG ROLLS,LM78.3P - REINFORCEMENT CUTTING LIST - AFTER
231,13.2,23.2,10,After-DW,100307,UNIAXIAL 1322 60CM BIG ROLLS,LM78.3P - REINFORCEMENT CUTTING LIST - AFTER
231,13.2,23.2,10,After-UW,100307,UNIAXIAL 1322 60CM BIG ROLLS,LM78.3P - REINFORCEMENT CUTTING LIST - AFTER
232,14,21.8,7.8,After-DW,100307,UNIAXIAL 1322 60CM BIG ROLLS,LM78.3P - REINFORCEMENT CUTTING LIST - AFTER
232,14,21.8,7.8,After-UW,100307,UNIAXIAL 1322 60CM BIG ROLLS,LM78.3P - REINFORCEMENT CUTTING LIST - AFTER
233,14.7,25,10.3,After-DW,100307,UNIAXIAL 1322 60CM BIG ROLLS,LM78.3P - REINFORCEMENT CUTTING LIST - AFTER
233,14.7,25,10.3,After-UW,100307,UNIAXIAL 1322 60CM BIG ROLLS,LM78.3P - REINFORCEMENT CUTTING LIST - AFTER
204,45.2,63.7,18.5,After-DW,98207,UNIAXIAL 1322 40CM,LM78.3P - REINFORCEMENT CUTTING LIST - AFTER
204,45.2,63.7,18.5,After-UW,98207,UNIAXIAL 1322 40CM,LM78.3P - REINFORCEMENT CUTTING LIST - AFTER
207,43.6,61.7,18.1,After-DW,98207,UNIAXIAL 1322 40CM,LM78.3P - REINFORCEMENT CUTTING LIST - AFTER
207,43.6,61.7,18.1,After-UW,98207,UNIAXIAL 1322 40CM,LM78.3P - REINFORCEMENT CUTTING LIST - AFTER
210,41.1,59.3,18.2,After-DW,98207,UNIAXIAL 1322 40CM,LM78.3P - REINFORCEMENT CUTTING LIST - AFTER
210,41.1,59.3,18.2,After-UW,98207,UNIAXIAL 1322 40CM,LM78.3P - REINFORCEMENT CUTTING LIST - AFTER
213,38.6,58.2,19.6,After-DW,98207,UNIAXIAL 1322 40CM,LM78.3P - REINFORCEMENT CUTTING LIST - AFTER
213,38.6,58.2,19.6,After-UW,98207,UNIAXIAL 1322 40CM,LM78.3P - REINFORCEMENT CUTTING LIST - AFTER
216,36.1,56.3,20.2,After-DW,98207,UNIAXIAL 1322 40CM,LM78.3P - REINFORCEMENT CUTTING LIST - AFTER
216,36.1,56.3,20.2,After-UW,98207,UNIAXIAL 1322 40CM,LM78.3P - REINFORCEMENT CUTTING LIST - AFTER
219,30.1,55.2,25.1,After-DW,98207,UNIAXIAL 1322 40CM,LM78.3P - REINFORCEMENT CUTTING LIST - AFTER
219,30.1,55.2,25.1,After-UW,98207,UNIAXIAL 1322 40CM,LM78.3P - REINFORCEMENT CUTTING LIST - AFTER
235,50.4,68.4,18,After-DW,100107,UNIAXIAL 661 60CM,LM78.3P - REINFORCEMENT CUTTING LIST - AFTER
235,50.4,68.4,18,After-UW,100107,UNIAXIAL 661 60CM,LM78.3P - REINFORCEMENT CUTTING LIST - AFTER
234,15.3,50.8,35.5,After-DW,100007,UNIAXIAL 661 80CM,LM78.3P - REINFORCEMENT CUTTING LIST - AFTER
234,15.3,50.8,35.5,After-UW,100007,UNIAXIAL 661 80CM,LM78.3P - REINFORCEMENT CUTTING LIST - AFTER
68,,,,After-DW,10000987,UNIAXIAL 661 80CM,LM78.3P - REINFORCEMENT CUTTING LIST - AFTER
69,,,,After-UW,10000887,UNIAXIAL 661 80CM,LM78.3P - REINFORCEMENT CUTTING LIST - AFTER